{
	"format_version": "1.8.0",
	"animations": {
		"animation.rare.idle": {
			"loop": true,
			"animation_length": 4,
			"bones": {
				"arm": {
					"rotation": {
						"0.0": [8.08619, -17.07228, -3.90399],
						"2.0": [3.08619, -17.07228, -3.90399],
						"4.0": [8.08619, -17.07228, -3.90399]
					},
					"position": {
						"0.0": [0, 0.5, 2.4],
						"4.0": [0, 0.5, 2.4]
					}
				},
				"upper_part": {
					"rotation": {
						"0.0": [-17.5, 0, 0],
						"2.0": [-21, 0, 0],
						"3.95": [-17.5, 0, 0]
					}
				},
				"upper_arm": {
					"rotation": {
						"0.0": [-6.45196, -0.79048, -6.95545],
						"2.0": [-1.45196, -0.79048, -6.95545],
						"3.95": [-6.45196, -0.79048, -6.95545]
					},
					"position": {
						"0.0": [0, 0, 0],
						"3.95": [0, 0, 0]
					}
				},
				"finger": {
					"rotation": {
						"0.6": [0, 0, -32.5],
						"1.1": [0, 0, -32.5],
						"1.7": [0, -10, -27.5],
						"2.35": [0, 0, -32.5]
					}
				},
				"upper": {
					"rotation": {
						"0.6": [0, 0, -60],
						"1.1": [0, 0, -60],
						"1.7": [0, 0, -52.5],
						"2.35": [0, 0, -60]
					}
				},
				"finger1": {
					"rotation": {
						"0.6": [30.59871, 10.80355, 6.32526],
						"1.1": [30.59871, 10.80355, 6.32526],
						"1.6": [-6.90129, 10.80355, 6.32526],
						"2.1": [30.59871, 10.80355, 6.32526]
					}
				},
				"upper1": {
					"rotation": {
						"0.6": [25.08377, -4.53051, -2.11751],
						"1.1": [25.08377, -4.53051, -2.11751],
						"1.6": [10.08377, -4.53051, -2.11751],
						"2.1": [25.08377, -4.53051, -2.11751]
					}
				},
				"finger3": {
					"rotation": {
						"0.6": [26.05573, -15.81499, -7.59001],
						"1.1": [-16.44427, -15.81499, -7.59001],
						"1.6": [26.05573, -15.81499, -7.59001]
					}
				},
				"finger2": {
					"rotation": {
						"0.6": [22.5, 0, 0],
						"0.85": [22.5, 0, 0],
						"1.35": [-12.5, 0, 0],
						"1.85": [22.5, 0, 0]
					}
				},
				"upper2": {
					"rotation": {
						"0.6": [32.52473, 2.10829, 1.34386],
						"0.85": [32.52473, 2.10829, 1.34386],
						"1.35": [17.52473, 2.10829, 1.34386],
						"1.85": [32.52473, 2.10829, 1.34386]
					}
				},
				"upper3": {
					"rotation": {
						"0.6": [30.21362, 6.49053, 3.76613],
						"1.1": [15.21362, 6.49053, 3.76613],
						"1.6": [30.21362, 6.49053, 3.76613]
					}
				},
				"chains": {
					"rotation": {
						"0.0": [17.5, 0, 0],
						"2.0": [20, 0, 0],
						"3.95": [17.5, 0, 0]
					}
				},
				"key": {
					"rotation": {
						"0.0": [16.48615, 18.50276, 10.10032],
						"2.8": [0, 0, 12.5]
					},
					"position": {
						"0.0": [5.33366, 0.1458, 0.05629],
						"2.8": [3.2, 1.2, 0]
					}
				},
				"keychain": {
					"rotation": [13.5, 0, 0],
					"position": {
						"0.0": [0, -0.2, 0.1],
						"2.0": [0, -0.2, 0.1],
						"3.95": [0, -0.2, 0.1]
					}
				},
				"keychain2": {
					"rotation": [-12, 0, 0],
					"position": {
						"0.0": [0, 0.2, 0.1],
						"2.0": [0, -0.7, 0.1],
						"3.95": [0, 0.2, 0.1]
					}
				},
				"base": {
					"rotation": {
						"0.0": [0, 0, 0],
						"2.85": [0, 0, 0],
						"3.0": [0, 0, -5],
						"3.15": [0, 0, 5],
						"3.3": [0, 0, -2.5],
						"3.45": [0, 0, 2.5],
						"3.6": [0, 0, 0]
					},
					"position": {
						"0.0": [0, 0.4, 0],
						"2.85": [0, 0.4, 0],
						"3.0": [0, 1, 0],
						"3.15": [0, 1, 0],
						"3.3": [0, 0.6, 0],
						"3.45": [0, 0.7, 0],
						"3.6": [0, 0.4, 0]
					}
				}
			}
		},
		"animation.rare.open": {
			"loop": "hold_on_last_frame",
			"animation_length": 5.5,
			"bones": {
				"key": {
					"rotation": {
						"0.0": [-24.55792, -21.63026, -87.36816],
						"1.5": [-24.55792, -21.63026, -87.36816]
					},
					"position": {
						"0.0": [5.2, 2.375, -12.5],
						"1.5": [7.7, 4.3, -14.5]
					},
					"scale": [1, 0.9, 1]
				},
				"upper_part": {
					"rotation": {
						"0.0": [-15, 0, 0],
						"0.5": [-17.5, 0, 0],
						"0.85": [-19, 0, 0],
						"1.0": [-18, 0, 0],
						"1.4": [-18, 0, 0],
						"1.65": [-3, 0, 0],
						"4.95": [-3, 0, 0],
						"5.1": [-135.5, 0, 0],
						"5.25": [-128, 0, 0],
						"5.3": [-135.5, 0, 0]
					}
				},
				"chains": {
					"rotation": {
						"0.0": [15, 0, 0],
						"1.65": [3.16, 0, 0],
						"4.95": [2.5, 0, 0],
						"5.1": [135, 0, 0]
					}
				},
				"arm": {
					"rotation": {
						"0.0": [0, -20, 0],
						"0.5": [2.5, -20, 0],
						"1.0": [-17.5, -20, 0],
						"1.5": [-60, -20, 0],
						"2.0": [-130, -20, 0]
					},
					"position": {
						"0.0": [0, 0, 0],
						"0.5": [0, -0.2, 2.4],
						"1.0": [0, 0.6, 2.6],
						"1.5": [0, 0.6, 2.6],
						"2.0": [0, -2.4, 1.5]
					}
				},
				"base": {
					"rotation": {
						"2.0": [0, 0, 0],
						"2.15": [0, 0, -5],
						"2.3": [0, 0, 5],
						"2.45": [0, 0, -2.5],
						"2.6": [0, 0, 2.5],
						"2.75": [0, 0, 0],
						"3.0": [0, 0, 0],
						"3.15": [0, 0, -5],
						"3.3": [0, 0, 5],
						"3.45": [0, 0, -2.5],
						"3.6": [0, 0, 2.5],
						"3.75": [0, 0, 0],
						"4.95": [0, 0, 0],
						"5.1": [-5, 0, 0],
						"5.25": [0, 0, 0]
					},
					"position": {
						"0.0": [0, -0.6, 0],
						"2.0": [0, -0.6, 0],
						"2.15": [0, 0, 0],
						"2.3": [0, 0, 0],
						"2.45": [0, -0.4, 0],
						"2.6": [0, -0.3, 0],
						"2.75": [0, -0.6, 0],
						"3.0": [0, -0.6, 0],
						"3.15": [0, 0, 0],
						"3.3": [0, 0, 0],
						"3.45": [0, -0.4, 0],
						"3.6": [0, -0.3, 0],
						"3.75": [0, -0.6, 0],
						"3.9": [0, -0.75, 0],
						"4.95": [0, -0.6, 0],
						"5.1": [0, 1.4, 0],
						"5.25": [0, -0.6, 0]
					}
				},
				"upper_arm": {
					"rotation": {
						"0.0": [0, 0, 0],
						"0.5": [-44.5, 0, 0],
						"1.0": [-2, 0, 0],
						"1.5": [53, 0, 0],
						"2.0": [69.16441, 9.46352, -95.06917]
					},
					"position": {
						"0.0": [0, 0, 0],
						"0.5": [0, 0.05, -0.05],
						"1.0": [0, -1.2, -0.1],
						"1.5": [0, 0.95, 0.25],
						"2.0": [-7, -5, 1.8]
					}
				},
				"finger": {
					"rotation": {
						"0.0": [-32.5, 0, 0],
						"1.5": [-60, 0, 0]
					}
				},
				"upper": {
					"rotation": [0, 0, -87.5]
				},
				"finger1": {
					"rotation": [-40, 0, 0]
				},
				"upper1": {
					"rotation": [122.5, 0, 0]
				},
				"finger2": {
					"rotation": {
						"0.0": [17.5, 0, 0],
						"1.5": [-32.5, 0, 0]
					}
				},
				"upper2": {
					"rotation": [97.5, 0, 0]
				},
				"finger3": {
					"rotation": {
						"0.0": [30, 0, 0],
						"1.5": [-22.5, 0, 0]
					}
				},
				"upper3": {
					"rotation": [122.5, 0, 0]
				},
				"lower_part": {
					"position": [0, 1, 0]
				},
				"keychain": {
					"rotation": {
						"0.0": [0, 0, 0],
						"0.5": [15, 0, 0],
						"1.4": [15, 0, 0],
						"1.65": [-27.5, 0, 0],
						"4.25": [-27.5, 0, 0],
						"4.4": [-5, 0, 0],
						"4.45": [-12.5, 0, 0],
						"4.5": [-5, 0, 0],
						"5.0": [-5, 0, 0],
						"5.15": [-85, 0, 0]
					},
					"position": {
						"0.0": [0, 0, 0],
						"0.5": [0, -0.3, 0],
						"0.85": [0, -0.7, 0],
						"1.0": [0, -0.7, 0],
						"1.4": [0, -0.7, 0],
						"1.65": [0, 0.6, -0.9],
						"4.25": [0, 0.6, -0.9],
						"4.4": [0, 0.6, -0.3],
						"4.5": [0, 0.6, -0.3],
						"5.0": [0, 0.6, -0.3],
						"5.15": [0, 0.6, -1.3]
					}
				},
				"keychain2": {
					"rotation": {
						"0.0": [0, 0, 0],
						"0.5": [-10, 0, 0],
						"1.4": [-10, 0, 0],
						"1.65": [51, 0, 0],
						"4.25": [51, 0, 0],
						"4.4": [-9, 0, 0],
						"4.45": [1, 0, 0],
						"4.5": [-9, 0, 0],
						"5.0": [-9, 0, 0],
						"5.15": [-86.5, 0, 0],
						"5.2": [-79, 0, 0],
						"5.25": [-86.5, 0, 0]
					},
					"position": {
						"0.0": [0, 0, 0],
						"0.5": [0, -0.1, 0],
						"0.85": [0, -0.1, 0.1],
						"1.0": [0, -0.1, 0.1],
						"1.4": [0, -0.1, 0.1],
						"1.65": [0, 0.4, 0],
						"4.25": [0, 0.4, 0],
						"4.4": [0, 0.4, 0],
						"4.5": [0, 0.4, 0],
						"5.0": [0, 0.4, 0]
					}
				}
			}
		}
	}
}